genotype,log_hill_K,hill_n,theta_high,theta_low
wt,-4.1,2,0.01,0.99
M42I,-2.2104779610300698,1.5156149571654287,0.5054105302329879,0.9538933267956679
H74A,-5.872705439673401,1.2001278450518955,0.05,0.7115380202706272
K84L,-5.755115159475512,1.0593068151944411,0.1,0.856776050040223
