{
  "dk_cond": {
    "b": {
      "background": 0.0,
      "kanR+kan": -0.013896572522408989,
      "kanR-kan": 0.0010588326804975127,
      "pheS+4CP": -0.020260637804354175,
      "pheS-4CP": -0.0025869604791142527
    },
    "m": {
      "background": 0.0,
      "kanR+kan": -0.00612035083570218,
      "kanR-kan": -0.0005649571996425827,
      "pheS+4CP": 0.00794863341513779,
      "pheS-4CP": -0.0010557707769060151
    }
  },
  "k_bg": {
    "b": {
      "iptg": 0.024740628743459715
    },
    "m": {
      "iptg": 0.0
    }
  },
  "theta_param": {
    "iptg": [
      1.0000000000085754,
      -1.0000000000085596,
      -4.14433344452323,
      2.0000000000376343
    ]
  }
}