{
  "dk_cond": {
    "m": {
      "background": 0.0,
      "kanR+kan": -0.009933,
      "kanR-kan": 0.000808,
      "pheS+4CP": 0.006226,
      "pheS-4CP": -0.000344
    },
    "b": {
      "background": 0.010696,
      "kanR+kan": 0.0,
      "kanR-kan": 0.004669999999999999, 
      "pheS+4CP": 0.010741,
      "pheS-4CP": 0.017862 
    }
  },
  "k_bg": {
    "b": {
      "iptg": 0.0 
    },
    "m": {
      "iptg": 0.0
    }
  },
  "theta_param": {
    "iptg": [
      1.0000000000085754,
      -1.0000000000085596,
      -4.14433344452323,
      2.0000000000376343
    ]
  }
}
