{
  "dk_cond": {
    "b": {
      "background": 0.0,
      "kanR+kan": -0.013896572475103964,
      "kanR-kan": 0.0010588326184781019,
      "pheS+4CP": -0.020260637762553584,
      "pheS-4CP": -0.0025869603766171304
    },
    "m": {
      "background": 0.0,
      "kanR+kan": -0.0061203508356999,
      "kanR-kan": -0.000564957199384217,
      "pheS+4CP": 0.007948633415644172,
      "pheS-4CP": -0.0010557707761323606
    }
  },
  "k_bg": {
    "b": {
      "iptg": 0.024740628701839143
    },
    "m": {
      "iptg": 0.0
    }
  },
  "theta_param": {
    "iptg": [
      1.0000000000085754,
      -1.0000000000085596,
      -4.14433344452323,
      2.0000000000376343
    ]
  }
}