{
  "dilution": 0.0196,
  "dk_cond": {
    "b": {
      "background": 0.0,
      "kanR+kan": 0.031512678208612414,
      "kanR-kan": 0.030689936638615686,
      "pheS+4CP": 7.177505270914455,
      "pheS-4CP": 10.349855605036437
    },
    "k_sharp": {
      "background": 0.0,
      "kanR+kan": 0.015550259823609608,
      "kanR-kan": -16.054366843736737,
      "pheS+4CP": 12.587957585170463,
      "pheS-4CP": -6.378355729120981
    },
    "m": {
      "background": 0.0,
      "kanR+kan": -0.0011531803591249736,
      "kanR-kan": -0.00222965987741813,
      "pheS+4CP": 28.7269622739055,
      "pheS-4CP": 7.9640444589973844
    },
    "tau": {
      "background": 0.0,
      "kanR+kan": -0.004523265467686492,
      "kanR-kan": -323.1095517766073,
      "pheS+4CP": 20.612983513131272,
      "pheS-4CP": -8.185607103045967
    }
  },
  "dk_cond_params": {},
  "dk_geno": {
    "wt": 0.0
  },
  "k_bg": {
    "b": {
      "iptg": -0.007385277581519633
    },
    "m": {
      "iptg": 0.0
    }
  },
  "ln_cfu_0": {
    "wt:20240807:kanR-kan": 18.893162992589826,
    "wt:20250116:kanR-kan": 19.977498234433142,
    "wt:20250202-a:pheS-4CP": 20.078585100833873,
    "wt:20250202-b:pheS-4CP": 19.939813295488573,
    "wt:20250204-a:pheS-4CP": 19.923419177014154,
    "wt:20250204-b:pheS-4CP": 20.155436039746533,
    "wt:20250225:kanR-kan": 19.97140054731511,
    "wt:20250613:kanR-kan": 19.498572231037237,
    "wt:20250807-a:pheS-4CP": 19.38164949290692,
    "wt:20250812-a:pheS-4CP": 19.034151179400148,
    "wt:20250812:kanR-kan": 18.785604669530283,
    "wt:20250817-a:kanR-kan": 19.196929167939754,
    "wt:20250817-b:pheS-4CP": 19.594992326526945,
    "wt:20251001:background": 21.523352882691103
  },
  "model_name": "linear",
  "per_titrant_tau": false,
  "theta_param": {
    "iptg": [
      1.0000000000085754,
      -1.0000000000085596,
      -4.14433344452323,
      2.0000000000376343
    ]
  },
  "transition_model_name": "constant"
}